,City,Country,Lat,Lng,Max Temp,Humidity,Cloudiness,Wind Speed,Current Description
0,Pangnirtung,CA,66.1451,-65.7125,-15.99,74,100,1.01,overcast clouds
1,Emerald,AU,-23.5333,148.1667,89.6,37,40,10.36,scattered clouds
2,Manokwari,ID,-0.8667,134.0833,82.27,74,96,7.25,overcast clouds
3,Mar Del Plata,AR,-38.0023,-57.5575,66.99,82,40,6.91,light rain
4,College,US,64.8569,-147.8028,-9.4,76,20,3.51,few clouds
5,Nouadhibou,MR,20.931,-17.0347,67.68,57,0,15.17,clear sky
6,Lebu,CL,-37.6167,-73.65,58.08,85,0,13.51,clear sky
7,Airai,TL,-8.9266,125.4092,68.79,89,99,4.18,overcast clouds
8,Vaini,TO,-21.2,-175.2,82.4,89,75,8.05,light rain
9,Kapaa,US,22.0752,-159.319,77.0,73,40,16.11,light rain
10,Barrow,US,71.2906,-156.7887,-23.8,69,1,14.97,clear sky
11,Puerto Ayora,EC,-0.7393,-90.3518,77.43,84,100,7.54,overcast clouds
12,Hilo,US,19.7297,-155.09,78.8,61,90,11.5,light rain
13,Port Elizabeth,ZA,-33.918,25.5701,64.4,88,0,3.44,clear sky
14,Mataura,NZ,-46.1927,168.8643,66.04,68,81,7.99,broken clouds
15,Hobart,AU,-42.8794,147.3294,69.01,51,75,9.22,broken clouds
16,Kaitangata,NZ,-46.2817,169.8464,64.99,74,49,25.99,scattered clouds
17,Fairbanks,US,64.8378,-147.7164,-9.4,70,1,3.65,clear sky
18,Khatanga,RU,71.9667,102.5,-20.67,87,100,4.65,overcast clouds
19,Hofn,IS,64.2539,-15.2082,31.84,94,100,15.88,overcast clouds
20,Punta Arenas,CL,-53.15,-70.9167,59.0,63,90,25.32,overcast clouds
21,Ushuaia,AR,-54.8,-68.3,53.6,76,75,31.07,light rain
22,Lompoc,US,34.6391,-120.4579,60.8,72,1,8.05,clear sky
23,Sao Joao Da Barra,BR,-21.6403,-41.0511,77.2,85,83,15.55,broken clouds
24,Vredendal,ZA,-31.6683,18.5012,64.17,67,0,5.21,clear sky
25,Sambava,MG,-14.2667,50.1667,75.4,80,48,6.87,scattered clouds
26,Pancas,BR,-19.225,-40.8514,72.59,88,100,2.51,overcast clouds
27,Changde,CN,29.0464,111.6783,53.69,68,1,4.18,clear sky
28,Patawag,PH,8.1064,122.6208,82.99,73,77,13.91,broken clouds
29,Ambilobe,MG,-13.2,49.05,73.51,92,70,1.7,broken clouds
30,Rabo De Peixe,PT,37.8,-25.5833,53.6,76,20,29.93,few clouds
31,Sept-Iles,CA,50.2001,-66.3821,28.4,43,100,8.05,overcast clouds
32,Saint-Philippe,RE,-21.3585,55.7679,78.8,69,40,6.91,scattered clouds
33,Upernavik,GL,72.7868,-56.1549,-7.17,87,100,4.5,overcast clouds
34,Moba,CN,33.2288,105.0179,35.91,83,89,4.83,overcast clouds
35,Padang,ID,-0.9492,100.3543,80.6,83,20,2.3,few clouds
36,East London,ZA,-33.0153,27.9116,70.45,77,3,8.93,clear sky
37,Jamestown,US,42.097,-79.2353,28.0,93,90,13.8,snow
38,Tilichiki,RU,60.4667,166.1,21.45,99,97,7.49,overcast clouds
39,Rabaul,PG,-4.1967,152.1721,81.5,77,95,8.03,light rain
40,Severo-Kurilsk,RU,50.6789,156.125,22.71,93,99,47.04,light snow
41,Mahibadhoo,MV,3.7833,72.9667,81.63,80,100,19.91,moderate rain
42,Tautira,PF,-17.7333,-149.15,82.4,89,20,12.66,light rain
43,Qasigiannguit,GL,68.8193,-51.1922,-5.8,65,0,23.02,clear sky
44,Acajutla,SV,13.5928,-89.8275,78.51,55,0,8.25,clear sky
45,Cidreira,BR,-30.1811,-50.2056,77.83,87,97,14.2,heavy intensity rain
46,Korla,CN,41.7597,86.1469,25.63,78,62,4.03,broken clouds
47,Nuuk,GL,64.1835,-51.7216,6.8,61,75,11.5,broken clouds
48,Saskylakh,RU,71.9167,114.0833,-2.47,91,100,13.76,light snow
49,Atuona,PF,-9.8,-139.0333,78.51,73,0,12.93,clear sky
50,Kununurra,AU,-15.7667,128.7333,87.8,84,100,3.44,overcast clouds
51,Mamit,IN,23.9333,92.4833,48.2,93,0,1.83,mist
52,Henties Bay,NA,-22.116,14.2845,64.99,87,31,5.3,scattered clouds
53,Donskoye,RU,45.4552,41.9741,48.2,40,0,6.71,clear sky
54,Kaifeng,CN,34.7911,114.3483,39.2,65,0,4.47,haze
55,Severnoye,RU,56.3491,78.3619,18.01,97,100,14.74,snow
56,Tuktoyaktuk,CA,69.4541,-133.0374,-36.4,67,1,3.44,clear sky
57,Bluff,NZ,-46.6,168.3333,58.98,80,89,10.94,overcast clouds
58,Ahuimanu,US,21.4447,-157.8378,78.8,57,20,6.91,few clouds
59,Rikitea,PF,-23.1203,-134.9692,78.69,75,0,15.66,light rain
60,Aksum,ET,14.1245,38.7244,49.46,49,0,4.25,clear sky
61,Beringovskiy,RU,63.05,179.3167,10.78,95,100,11.43,overcast clouds
62,Rocha,UY,-34.4833,-54.3333,69.6,96,97,3.13,light rain
63,Leningradskiy,RU,69.3833,178.4167,-4.4,88,100,20.18,overcast clouds
64,Chokurdakh,RU,70.6333,147.9167,-10.53,89,30,6.42,scattered clouds
65,Amazar,RU,53.858,120.875,-21.41,76,98,2.44,overcast clouds
66,Pafos,CY,34.7667,32.4167,57.2,67,100,3.56,overcast clouds
67,Norman Wells,CA,65.282,-126.8329,-20.2,76,75,3.44,light snow
68,Alice Springs,AU,-23.7,133.8833,87.8,14,0,13.8,clear sky
69,Sola,VU,-13.8833,167.55,84.2,89,75,19.53,broken clouds
70,Saint George,US,37.1041,-113.5841,62.6,45,1,5.75,clear sky
71,New Norfolk,AU,-42.7826,147.0587,69.01,42,36,3.0,scattered clouds
72,Nome,US,64.5011,-165.4064,10.99,61,90,19.57,overcast clouds
73,Souillac,MU,-20.5167,57.5167,78.8,83,20,1.14,few clouds
74,Sayyan,YE,15.1718,44.3244,40.15,65,0,3.74,clear sky
75,Pontianak,ID,-0.0333,109.3333,77.0,88,40,8.05,scattered clouds
76,Vostok,RU,46.4856,135.8833,-20.97,84,100,11.59,overcast clouds
77,Olafsvik,IS,64.8945,-23.7142,34.02,85,100,12.93,overcast clouds
78,San Cristobal,VE,7.7669,-72.225,84.2,61,20,4.61,few clouds
79,Bredasdorp,ZA,-34.5322,20.0403,57.2,94,0,5.75,clear sky
80,Victoria,HK,22.2855,114.1577,66.0,65,24,4.0,few clouds
81,Kruisfontein,ZA,-34.0033,24.7314,69.46,56,0,6.67,clear sky
82,Busselton,AU,-33.65,115.3333,73.99,64,2,4.0,clear sky
83,Cabrobo,BR,-8.5142,-39.31,82.81,51,100,16.15,overcast clouds
84,Nanortalik,GL,60.1432,-45.2371,15.73,84,0,20.15,clear sky
85,Okha,RU,53.5739,142.9478,-22.52,83,100,18.59,overcast clouds
86,Vestmannaeyjar,IS,63.4427,-20.2734,36.37,82,96,33.73,overcast clouds
87,Castro,BR,-24.7911,-50.0119,67.01,90,100,1.45,overcast clouds
88,Cape Town,ZA,-33.9258,18.4232,68.0,82,0,16.11,clear sky
89,Caravelas,BR,-17.7125,-39.2481,76.66,84,100,5.91,overcast clouds
90,Ketchikan,US,55.3422,-131.6461,41.0,70,1,6.91,clear sky
91,Bengkulu,ID,-3.8004,102.2655,78.06,82,100,6.17,overcast clouds
92,San Andres,CO,12.5847,-81.7006,78.8,83,20,19.57,few clouds
93,Senj,HR,44.9894,14.9058,50.0,87,90,1.14,overcast clouds
94,Tasiilaq,GL,65.6145,-37.6368,21.2,86,90,8.05,snow
95,Te Anau,NZ,-45.4167,167.7167,70.63,54,1,3.83,clear sky
96,Yumen,CN,40.2833,97.2,26.28,65,100,10.49,overcast clouds
97,Nikolskoye,RU,59.7035,30.7861,23.0,86,75,11.18,light snow
98,Collie,AU,-33.3667,116.15,69.01,67,68,5.01,broken clouds
99,Kupang,ID,-10.1667,123.5833,77.0,94,90,18.41,light rain
100,Bethel,US,41.3712,-73.414,26.6,86,90,5.75,snow
101,Luderitz,NA,-26.6481,15.1594,64.36,85,0,7.54,clear sky
102,Half Moon Bay,US,37.4636,-122.4286,55.99,82,1,6.91,clear sky
103,Broome,US,42.2506,-75.833,25.0,86,90,12.66,light snow
104,Haradok,BY,55.4624,29.9816,19.94,97,100,11.5,light snow
105,Sabang,ID,5.8933,95.3214,81.88,78,0,17.94,clear sky
106,Marystown,CA,47.1666,-55.1483,30.33,94,100,24.47,overcast clouds
107,Byron Bay,AU,-28.65,153.6167,80.6,61,15,14.97,few clouds
108,Jiazi,CN,22.8779,116.067,63.59,58,20,18.79,few clouds
109,Port Alfred,ZA,-33.5906,26.891,71.55,71,77,5.39,broken clouds
110,Seoul,KR,37.5683,126.9778,24.8,50,0,5.75,clear sky
111,Yellowknife,CA,62.456,-114.3525,-13.0,70,90,10.36,overcast clouds
112,Pokhara,NP,28.2333,83.9833,54.09,37,0,4.03,clear sky
113,Hermanus,ZA,-34.4187,19.2345,59.0,94,0,5.35,clear sky
114,Moyale,KE,3.5167,39.0584,69.01,40,0,6.04,clear sky
115,Constitucion,CL,-35.3333,-72.4167,59.05,83,0,5.91,clear sky
116,Bani,DO,18.2833,-70.3333,79.0,96,1,2.84,clear sky
117,Arraial Do Cabo,BR,-22.9661,-42.0278,76.5,86,0,22.32,clear sky
118,Tulun,RU,54.5611,100.5792,7.11,91,100,4.79,overcast clouds
119,Paysandu,UY,-32.3214,-58.0756,70.0,96,99,3.0,light rain
120,Leh,IN,34.1667,77.5833,4.44,67,95,1.92,overcast clouds
121,Hithadhoo,MV,-0.6,73.0833,82.0,71,1,4.45,clear sky
122,Reyes,BO,-14.3167,-67.3833,75.92,90,100,1.66,overcast clouds
123,Matara,LK,5.9485,80.5353,76.08,85,39,3.78,scattered clouds
124,Maridi,SS,4.9158,29.4742,74.52,33,0,4.5,clear sky
125,Brae,GB,60.3964,-1.353,37.4,65,40,19.57,scattered clouds
126,Moussoro,TD,13.6408,16.4901,70.77,16,0,10.42,clear sky
127,Titlagarh,IN,20.3,83.15,57.96,35,0,2.01,clear sky
128,Huilong,CN,31.8111,121.655,51.01,62,0,7.0,clear sky
129,Mogadishu,SO,2.0371,45.3438,73.98,79,7,19.19,clear sky
130,Camopi,GF,3.1655,-52.3158,72.48,98,100,2.33,overcast clouds
131,Ancud,CL,-41.8697,-73.8203,60.01,72,0,11.5,clear sky
132,Geraldton,AU,-28.7667,114.6,78.8,65,90,16.11,overcast clouds
133,Shumskiy,RU,54.8318,99.1328,12.9,89,100,4.14,overcast clouds
134,Port Lincoln,AU,-34.7333,135.8667,67.35,66,63,11.88,broken clouds
135,Kodiak,US,57.79,-152.4072,35.6,87,90,12.66,snow
136,Scarborough,GB,54.2797,-0.4044,41.0,95,100,8.01,overcast clouds
137,Ratnagiri,IN,16.9833,73.3,73.45,34,0,8.37,clear sky
138,Qaanaaq,GL,77.484,-69.3632,-12.44,84,100,1.05,overcast clouds
139,Raudeberg,NO,61.9875,5.1352,27.0,78,0,6.82,clear sky
140,Butaritari,KI,3.0707,172.7902,82.04,84,89,17.07,light rain
141,Turukhansk,RU,65.8167,87.9833,-6.97,91,99,8.95,overcast clouds
142,Kulhudhuffushi,MV,6.6221,73.07,80.4,75,80,4.5,broken clouds
143,Puerto Madryn,AR,-42.7692,-65.0385,72.57,41,0,12.73,clear sky
144,Winton,US,37.3894,-120.6133,54.0,100,90,4.61,overcast clouds
145,Kenai,US,60.5544,-151.2583,12.0,85,90,4.61,snow
146,Bambanglipuro,ID,-7.95,110.2833,78.73,86,67,11.74,broken clouds
147,Pitea,SE,65.3172,21.4794,10.4,92,90,2.3,light snow
148,Yuzhno-Kurilsk,RU,44.0306,145.8556,14.5,83,100,22.75,overcast clouds
149,Usinsk,RU,65.9939,57.5281,9.84,96,100,13.71,light snow
150,Marawi,PH,7.9986,124.2928,82.0,79,67,1.99,broken clouds
151,Fortuna,US,40.5982,-124.1573,51.01,71,1,5.75,clear sky
152,Vardo,NO,70.3705,31.1107,26.35,91,98,24.2,light snow
153,Arkhangelsk,RU,64.5401,40.5433,14.0,85,90,8.95,light snow
154,Kahului,US,20.8947,-156.47,80.6,57,40,13.8,light rain
155,Swellendam,ZA,-34.0226,20.4417,57.2,94,0,5.75,clear sky
156,Calvinia,ZA,-31.4707,19.776,65.73,46,0,3.27,clear sky
157,Mount Isa,AU,-20.7333,139.5,93.2,38,0,8.05,clear sky
158,Urengoy,RU,65.9667,78.3667,4.48,95,86,6.26,overcast clouds
159,Pietarsaari,FI,63.65,22.6833,-9.4,84,0,8.05,clear sky
160,Kattivakkam,IN,13.2167,80.3167,73.4,83,20,2.3,mist
161,Longyearbyen,SJ,78.2186,15.6401,23.0,74,40,13.8,light snow
162,Mandera,KE,3.9366,41.867,69.53,68,5,4.74,clear sky
163,San Patricio,US,28.017,-97.5169,59.0,58,75,9.22,broken clouds
164,Paraiso,CR,9.8383,-83.8656,68.0,77,90,19.57,overcast clouds
165,Berlevag,NO,70.8578,29.0864,24.64,91,100,20.2,light snow
166,Provideniya,RU,64.3833,-173.3,5.97,90,100,18.14,overcast clouds
167,Clyde River,CA,70.4692,-68.5914,-31.0,68,1,2.3,clear sky
168,Gravdal,NO,68.1214,13.5031,27.97,88,34,7.25,scattered clouds
169,Grindavik,IS,63.8424,-22.4338,32.0,74,0,18.41,clear sky
170,Gamba,GA,-2.65,10.0,77.56,87,95,4.7,overcast clouds
171,Thompson,CA,55.7435,-97.8558,15.8,92,90,4.61,snow
172,Mingoyo,TZ,-10.1,39.6333,75.2,88,20,11.5,few clouds
173,Praia Da Vitoria,PT,38.7333,-27.0667,55.99,76,40,23.15,scattered clouds
174,San Juan Del Sur,NI,11.2529,-85.8705,79.05,70,0,27.22,clear sky
175,Mahebourg,MU,-20.4081,57.7,78.8,83,20,1.14,few clouds
176,Beneditinos,BR,-5.45,-42.3667,80.6,74,0,3.44,clear sky
177,Cherskiy,RU,68.75,161.3,0.91,84,0,3.4,clear sky
178,Vila Franca Do Campo,PT,37.7167,-25.4333,53.6,76,20,29.93,few clouds
179,Saint-Ambroise,CA,48.5501,-71.3324,26.01,86,100,3.44,snow
180,Mattawa,US,46.7379,-119.9028,42.8,65,1,8.05,clear sky
181,Manaure,CO,11.7751,-72.4445,78.89,72,3,12.03,clear sky
182,Bathsheba,BB,13.2167,-59.5167,78.8,65,40,20.71,scattered clouds
183,Whitehorse,CA,60.7161,-135.0538,-13.0,70,20,2.3,few clouds
184,Codrington,AU,-38.2667,141.9667,64.71,60,76,12.08,broken clouds
185,Grand Gaube,MU,-20.0064,57.6608,77.0,80,0,3.0,clear sky
186,Hamilton,US,39.1834,-84.5333,28.99,74,40,13.8,scattered clouds
187,Georgetown,MY,5.4112,100.3354,80.6,83,20,3.44,few clouds
188,Kavieng,PG,-2.5744,150.7967,83.88,73,15,10.8,light rain
189,Pathalgaon,IN,22.5667,83.4667,57.06,36,0,1.48,clear sky
190,Boralday,KZ,43.3578,76.8594,26.6,93,90,4.47,fog
191,Carnarvon,AU,-24.8667,113.6333,75.2,100,90,20.71,overcast clouds
192,Zambezi,ZM,-13.5432,23.1047,64.42,97,100,8.86,moderate rain
193,Babai,IN,22.7,77.9333,55.49,38,0,3.13,clear sky
194,Vao,NC,-22.6667,167.4833,78.46,74,20,41.58,few clouds
195,Fuxin,CN,42.0156,121.6589,10.54,77,100,5.88,overcast clouds
196,Bambous Virieux,MU,-20.3428,57.7575,78.8,83,20,1.14,few clouds
197,Vicuna,CL,-30.0319,-70.7081,64.0,49,0,1.88,clear sky
198,Atar,MR,20.5169,-13.0499,68.5,21,2,5.99,clear sky
199,Oga,IT,46.4631,10.347,44.01,86,75,2.3,broken clouds
200,Santa Lucia,ES,27.9117,-15.5407,63.0,77,20,9.22,few clouds
201,Buala,SB,-8.145,159.5921,78.33,91,100,15.32,very heavy rain
202,Sisimiut,GL,66.9395,-53.6735,-5.55,81,0,12.21,clear sky
203,Rawson,AR,-43.3002,-65.1023,74.8,30,0,7.58,clear sky
204,Moskovskiy,RU,55.5991,37.355,14.0,85,0,4.47,clear sky
205,Ribeira Grande,PT,38.5167,-28.7,56.98,66,61,35.23,broken clouds
206,Hambantota,LK,6.1241,81.1185,77.0,100,90,13.8,overcast clouds
207,Biak,ID,-0.9131,122.8766,78.21,82,100,4.14,overcast clouds
208,Lagoa,PT,39.05,-27.9833,55.8,68,99,35.46,overcast clouds
209,Formosa,AR,-26.1775,-58.1781,78.8,89,90,6.91,overcast clouds
210,Dikson,RU,73.5069,80.5464,-24.11,85,3,14.14,clear sky
211,Gurupi,BR,-11.7292,-49.0686,76.53,77,75,3.47,broken clouds
212,Redwater,US,33.3582,-94.2544,48.2,49,1,5.75,clear sky
213,Haines Junction,CA,60.7522,-137.5108,-9.4,64,87,1.14,overcast clouds
214,Albany,US,42.6001,-73.9662,27.0,87,100,1.01,light snow
215,Paragominas,BR,-2.9667,-47.4833,74.17,90,100,3.02,overcast clouds
216,Goderich,CA,43.7501,-81.7165,26.6,68,99,10.36,overcast clouds
217,Makokou,GA,0.5738,12.8642,70.7,93,100,2.55,overcast clouds
218,Batemans Bay,AU,-35.7167,150.1833,71.01,58,90,4.0,overcast clouds
219,Cabo San Lucas,MX,22.8909,-109.9124,71.6,64,40,14.97,scattered clouds
220,Alofi,NU,-19.0595,-169.9187,86.0,74,75,11.5,moderate rain
221,Bhavnagar,IN,21.7667,72.15,67.95,30,0,9.75,clear sky
222,Birin,NP,26.8865,88.0718,49.33,65,0,2.59,clear sky
223,Sobolevo,RU,54.4299,31.8996,15.64,96,100,11.48,light snow
224,Saint-Augustin,CA,51.226,-58.6502,21.07,94,100,17.58,overcast clouds
225,Avera,US,33.194,-82.5271,41.0,45,1,13.8,clear sky
226,Pecos,US,31.4229,-103.4932,68.0,26,1,4.61,clear sky
227,Port Hedland,AU,-20.3167,118.5667,87.8,66,40,16.11,scattered clouds
228,Asau,RO,46.4333,26.4,33.01,71,44,5.12,scattered clouds
229,Tome,CL,-36.6167,-72.95,57.2,94,90,11.5,mist
230,South Venice,US,27.0531,-82.4243,57.2,58,75,18.41,haze
231,Saryg-Sep,RU,51.5,95.6,-5.75,87,67,2.77,broken clouds
232,Tiruchchendur,IN,8.4833,78.1167,76.46,80,97,17.02,overcast clouds
233,Neuquen,AR,-38.9516,-68.0591,75.2,50,0,8.86,clear sky
234,Esperance,AU,-33.8667,121.9,75.2,53,0,14.97,clear sky
235,Northam,GB,51.0333,-4.2167,48.0,94,89,8.01,overcast clouds
236,Narsaq,GL,60.9167,-46.05,21.2,53,75,5.75,broken clouds
237,Angoche,MZ,-16.2325,39.9086,76.62,88,90,5.14,overcast clouds
238,Yar-Sale,RU,66.8333,70.8333,1.31,94,89,4.21,overcast clouds
239,Abu Zabad,SD,12.35,29.25,74.12,21,0,10.18,clear sky
240,Shache,CN,38.4167,77.2406,26.06,80,100,1.41,overcast clouds
241,San Jose,US,37.3394,-121.895,57.99,62,20,12.66,few clouds
242,Shemonaikha,KZ,50.6328,81.9056,22.21,96,100,12.93,overcast clouds
243,Cumpas,MX,29.9833,-109.7833,66.74,36,96,3.36,overcast clouds
244,Nantucket,US,41.2835,-70.0995,36.0,100,90,18.41,mist
245,Severo-Yeniseyskiy,RU,60.3725,93.0408,-14.28,90,96,3.71,overcast clouds
246,Coron,PH,11.9986,120.2043,83.62,64,7,6.87,clear sky
247,Camapua,BR,-19.5314,-54.0439,77.04,71,100,4.25,overcast clouds
248,Maningrida,AU,-12.0667,134.2667,85.62,74,97,8.01,overcast clouds
249,Gurupa,BR,-1.405,-51.64,75.74,90,99,4.59,overcast clouds
250,Alyangula,AU,-13.8483,136.4192,89.6,70,75,5.75,broken clouds
251,Arlit,NE,18.7369,7.3853,60.75,29,0,4.54,clear sky
252,Margate,GB,51.3813,1.3862,50.0,80,34,7.0,scattered clouds
253,Pochutla,MX,15.7432,-96.4661,80.6,69,1,4.47,clear sky
254,Karlstad,SE,59.3793,13.5036,17.6,93,90,11.5,overcast clouds
255,Atmakur,IN,15.8833,78.5833,65.77,86,4,3.53,clear sky
256,Avarua,CK,-21.2078,-159.775,84.2,70,75,8.05,light rain
257,Winneba,GH,5.3511,-0.6231,82.4,89,40,9.22,scattered clouds
258,Sao Filipe,CV,14.8961,-24.4956,72.57,75,0,7.74,clear sky
259,Tonj,SS,7.2737,28.6822,76.23,27,0,3.2,clear sky
260,Kalianget,ID,-7.05,113.9333,83.1,75,100,15.77,overcast clouds
261,Havre-Saint-Pierre,CA,50.2334,-63.5986,26.6,50,90,12.66,light snow
262,Comodoro Rivadavia,AR,-45.8667,-67.5,73.4,43,0,4.61,clear sky
263,Barcelos,PT,41.5388,-8.6151,57.2,94,75,14.97,broken clouds
264,Talnakh,RU,69.4865,88.3972,-14.03,83,89,3.89,overcast clouds
265,Tucuman,AR,-26.8241,-65.2226,64.4,94,90,8.05,light rain
266,Nemuro,JP,43.3236,145.575,14.0,44,75,9.22,broken clouds
267,Tabou,CI,4.423,-7.3528,77.86,90,0,5.7,clear sky
268,Boende,CD,-0.2167,20.8667,72.68,86,0,2.04,clear sky
269,Sirjan,IR,29.452,55.6814,38.61,59,0,0.83,clear sky
270,Clarksburg,US,39.2807,-80.3445,28.4,59,90,12.66,snow
271,Cockburn Town,TC,21.4612,-71.1419,74.61,79,0,16.28,clear sky
272,Waipawa,NZ,-41.4122,175.5153,75.0,68,0,11.5,clear sky
273,Fort Saint James,CA,54.4333,-124.25,3.29,92,99,1.92,overcast clouds
274,Salihorsk,BY,52.7876,27.5415,28.85,99,100,9.95,overcast clouds
275,Changping,CN,40.2186,116.2197,25.0,36,0,6.71,clear sky
276,Razole,IN,16.4833,81.8333,71.6,88,1,8.05,mist
277,Sabha,LY,27.0377,14.4283,48.52,62,0,4.99,clear sky
278,Ossora,RU,59.2353,163.0719,2.53,92,99,5.08,overcast clouds
279,Tiksi,RU,71.6872,128.8694,-0.49,93,100,14.99,overcast clouds
280,Okhotsk,RU,59.3833,143.3,-22.63,82,75,14.41,broken clouds
281,Upata,VE,8.0086,-62.3989,80.01,77,48,4.0,scattered clouds
282,Salalah,OM,17.0151,54.0924,75.2,12,0,6.91,clear sky
283,Flinders,AU,-34.5833,150.8552,73.99,60,36,1.01,scattered clouds
284,Amuntai,ID,-2.4177,115.2494,79.83,84,100,1.57,light rain
285,Ust-Kuyga,RU,70.0167,135.6,-35.01,81,99,6.71,overcast clouds
286,Ponta Do Sol,PT,32.6667,-17.1,60.01,77,23,1.01,few clouds
287,Ulaangom,MN,49.9811,92.0667,-14.13,86,36,2.28,scattered clouds
288,Itoman,JP,26.1247,127.6694,62.6,55,40,12.66,scattered clouds
289,Meulaboh,ID,4.1363,96.1285,76.93,87,30,4.32,light rain
290,Naze,JP,28.3667,129.4833,60.8,51,75,14.97,broken clouds
291,Tigre,AR,-34.426,-58.5796,72.0,83,0,6.91,clear sky
292,Cabedelo,BR,-6.9811,-34.8339,78.8,83,40,4.61,scattered clouds
293,Samdrup Jongkhar,BT,26.9167,91.6167,57.78,53,4,2.33,clear sky
294,Bam,IR,29.106,58.357,45.28,50,0,2.77,clear sky
295,Uspenka,UA,48.3903,39.1619,44.26,94,100,6.31,overcast clouds
296,Migori,KE,-1.0634,34.4731,62.87,66,45,5.23,scattered clouds
297,Saldanha,ZA,-33.0117,17.9442,62.6,82,0,8.05,clear sky
298,Asyut,EG,27.181,31.1837,50.0,76,0,5.75,clear sky
299,Illapel,CL,-31.6308,-71.1653,61.7,61,0,1.39,clear sky
300,Stokmarknes,NO,68.5646,14.9108,24.01,62,0,5.01,clear sky
301,Khudumelapye,BW,-23.8833,24.75,65.5,84,100,15.52,overcast clouds
302,Qovlar,AZ,40.948,45.735,35.6,80,20,4.61,few clouds
303,Yagodnoye,RU,62.55,149.6667,-26.28,81,100,3.65,overcast clouds
304,Richards Bay,ZA,-28.783,32.0377,67.66,85,100,3.78,overcast clouds
305,Spokoynaya,RU,44.2468,41.4015,42.91,61,84,5.1,broken clouds
306,Durango,MX,24.8333,-104.8333,62.87,37,100,5.12,overcast clouds
307,Ilebo,CD,-4.3167,20.5833,70.57,92,100,1.66,overcast clouds
308,Hoquiam,US,46.9809,-123.8893,43.0,81,90,13.8,moderate rain
309,Jalu,LY,29.0331,21.5482,57.36,46,90,4.41,overcast clouds
310,Pevek,RU,69.7008,170.3133,9.25,92,100,11.01,overcast clouds
311,Yulara,AU,-25.2406,130.9889,89.6,18,90,14.97,overcast clouds
312,Tura,IN,25.5198,90.2201,61.7,53,0,1.86,clear sky
313,Kawalu,ID,-7.3817,108.2082,81.57,72,100,0.72,overcast clouds
314,Adrar,MR,20.5022,-10.0711,67.33,25,72,7.16,broken clouds
315,Phek,IN,25.6667,94.5,45.66,80,3,1.66,clear sky
316,Zaysan,KZ,47.4667,84.8667,12.88,91,41,1.83,scattered clouds
317,Islamkot,PK,24.6997,70.177,59.86,57,0,7.23,clear sky
318,Jardim,BR,-21.4803,-56.1381,77.86,78,100,3.94,light rain
319,Faanui,PF,-16.4833,-151.75,81.81,76,0,13.44,clear sky
320,Ulladulla,AU,-35.35,150.4667,73.4,40,0,10.36,clear sky
321,Bonthe,SL,7.5264,-12.505,77.68,88,12,4.27,few clouds
322,Ceyhan,TR,37.0247,35.8175,59.0,51,0,16.11,clear sky
323,Mitsamiouli,KM,-11.3847,43.2844,82.42,72,91,3.51,overcast clouds
324,Arbuzynka,UA,47.9097,31.3196,34.03,98,100,3.69,overcast clouds
325,Bulaevo,KZ,54.9056,70.4439,31.87,98,100,17.34,overcast clouds
326,Nisia Floresta,BR,-6.0911,-35.2086,80.6,74,20,8.05,few clouds
327,Klaksvik,FO,62.2266,-6.589,32.0,80,0,10.36,clear sky
328,Port Blair,IN,11.6667,92.75,76.37,76,0,11.07,clear sky
329,Santa Cruz,BO,-17.8,-63.1667,77.0,94,75,4.61,broken clouds
330,Kavaratti,IN,10.5669,72.642,81.1,72,15,6.91,few clouds
331,Ust-Kut,RU,56.7938,105.7672,-12.06,86,100,4.34,light snow
332,Diamantino,BR,-14.4086,-56.4461,77.54,76,99,3.09,overcast clouds
333,Deputatskiy,RU,69.3,139.9,-27.06,88,100,2.48,overcast clouds
334,Umea,SE,63.8284,20.2597,8.6,85,40,11.5,scattered clouds
335,Petropavlovsk-Kamchatskiy,RU,53.0452,158.6483,21.2,73,75,4.47,light snow
336,Sabzevar,IR,36.2126,57.6819,40.26,67,0,6.22,clear sky
337,Wanning,CN,18.8003,110.3967,72.7,70,67,10.04,broken clouds
338,Freeport,US,40.6576,-73.5832,30.99,93,90,13.8,light snow
339,Susangerd,IR,31.5608,48.1831,46.4,71,0,2.3,clear sky
340,Vila,PT,42.0304,-8.1588,51.01,95,96,14.0,light rain
341,Zapolyarnyy,RU,69.4154,30.8136,23.0,86,90,16.11,overcast clouds
342,Amahai,ID,-3.3333,128.9167,85.39,66,95,2.13,overcast clouds
343,Petropavl,KZ,54.8753,69.1628,33.55,94,100,15.73,overcast clouds
344,Hanmer Springs,NZ,-42.5167,172.8167,79.63,23,0,6.51,clear sky
345,Inhambane,MZ,-23.865,35.3833,79.39,85,92,3.31,overcast clouds
346,Cayenne,GF,4.9333,-52.3333,78.8,94,75,6.91,broken clouds
347,Srednekolymsk,RU,67.45,153.6833,-19.93,86,100,4.38,overcast clouds
348,Zyryanka,RU,65.75,150.85,-20.25,87,100,1.92,overcast clouds
349,Vorukh,TJ,39.8494,70.5838,31.14,79,0,2.68,clear sky
350,Dingle,PH,10.9995,122.6711,78.08,85,79,13.58,light rain
351,La Primavera,CO,5.4906,-70.4092,83.86,50,96,4.65,overcast clouds
352,Chara,RU,56.9064,118.2631,-24.05,72,39,1.68,scattered clouds
353,Tral,IN,33.9333,75.1,27.79,88,94,2.21,overcast clouds
354,Athabasca,CA,54.7169,-113.2854,1.4,78,100,11.5,snow
355,Vytegra,RU,61.0064,36.4481,17.24,96,100,6.4,light snow
356,Athens,GR,37.9795,23.7162,55.99,93,20,4.03,few clouds
357,Acapulco,MX,16.8634,-99.8901,80.6,78,40,2.3,scattered clouds
358,San Quintin,MX,30.4833,-115.95,62.55,71,100,15.82,overcast clouds
359,Zeya,RU,53.75,127.2667,-20.07,75,93,3.2,overcast clouds
360,Port Augusta,AU,-32.5,137.7667,80.01,36,50,2.3,scattered clouds
361,Coihaique,CL,-45.5752,-72.0662,66.2,55,0,1.14,clear sky
362,Riberalta,BO,-10.9833,-66.1,75.96,89,78,1.54,broken clouds
363,Bafra,TR,41.5678,35.9069,53.6,43,0,5.75,clear sky
364,Marsh Harbour,BS,26.5412,-77.0636,59.88,70,31,25.68,scattered clouds
365,Hualmay,PE,-11.0964,-77.6139,70.09,80,88,7.63,overcast clouds
366,Karoi,ZW,-16.8099,29.6925,63.1,98,97,4.34,light rain
367,Tynda,RU,55.1667,124.7167,-29.38,79,0,3.65,clear sky
368,Karratha,AU,-20.7377,116.8463,83.39,79,83,18.41,broken clouds
369,Copacabana,CO,6.3463,-75.5089,62.6,100,40,2.3,light rain
370,Elko,US,41.0002,-115.5012,48.2,49,1,6.91,clear sky
371,Rivne,UA,50.6231,26.2274,34.0,90,91,4.0,overcast clouds
372,Zwedru,LR,6.0667,-8.1281,72.48,98,23,2.75,few clouds
373,Kigonsera,TZ,-10.8,35.05,68.0,88,40,2.1,scattered clouds
374,Otavi,NA,-19.65,17.3333,65.62,55,83,8.25,broken clouds
375,Alappuzha,IN,9.49,76.3264,74.86,73,1,7.31,clear sky
376,Hasaki,JP,35.7333,140.8333,48.2,42,20,10.36,few clouds
377,Touros,BR,-5.1989,-35.4608,78.8,78,20,6.91,few clouds
378,Mayo,US,38.8876,-76.5119,34.0,69,90,16.11,overcast clouds
379,Linqiong,CN,30.4159,103.4609,46.4,93,12,1.23,mist
380,Iqaluit,CA,63.7506,-68.5145,-16.6,69,90,0.76,overcast clouds
381,Isangel,VU,-19.55,169.2667,86.0,74,75,17.27,broken clouds
382,Spasskoye,RU,44.6108,132.7969,-3.71,85,68,10.36,broken clouds
383,Kosa,RU,59.9445,54.9977,8.85,95,100,7.65,overcast clouds
384,Bonavista,CA,48.6499,-53.1147,28.99,93,86,2.3,overcast clouds
385,Andros Town,BS,24.7,-77.7667,60.8,59,20,14.97,few clouds
386,Goundam,ML,16.4145,-3.6708,65.91,21,0,6.98,clear sky
387,Karpogory,RU,64.0019,44.4451,5.61,95,100,8.93,overcast clouds
388,Cap Malheureux,MU,-19.9842,57.6142,77.0,80,0,3.0,clear sky
389,Mehamn,NO,71.0357,27.8492,24.42,91,96,18.05,light snow
390,Buraydah,SA,26.326,43.975,59.0,51,0,10.36,clear sky
391,Ibra,OM,22.6906,58.5334,52.93,83,54,1.34,broken clouds
392,Prince George,CA,53.9166,-122.753,14.0,85,90,12.66,overcast clouds
393,Aklavik,CA,68.2191,-135.0107,-27.4,68,20,6.91,few clouds
394,Tashla,RU,51.7716,52.7427,33.17,97,100,7.63,snow
395,Luxor,EG,25.6989,32.6421,51.8,40,0,1.79,clear sky
396,Lata,PT,40.1629,-8.3327,57.99,92,100,5.99,light rain
397,Tumaco,CO,1.7986,-78.8156,77.27,90,33,3.91,light rain
398,Sitka,US,57.0531,-135.33,35.6,64,20,10.36,few clouds
399,Todos Santos,MX,23.45,-110.2167,70.0,75,84,4.68,broken clouds
400,Awbari,LY,26.5921,12.7805,46.08,70,0,1.16,clear sky
401,Garowe,SO,8.4054,48.4845,57.22,79,81,7.05,broken clouds
402,Los Llanos De Aridane,ES,28.6585,-17.9182,62.6,77,90,6.91,overcast clouds
403,Ilulissat,GL,69.2167,-51.1,-5.8,65,0,23.02,clear sky
404,Edson,CA,53.5835,-116.4356,1.4,78,90,6.91,overcast clouds
405,Valle Hermoso,MX,25.6667,-97.8333,62.6,63,75,6.91,broken clouds
406,Golden Gate,US,26.1879,-81.6951,57.2,54,1,18.41,clear sky
407,Harer,ET,9.3094,42.1258,48.49,42,0,2.77,clear sky
408,Paamiut,GL,61.994,-49.6678,6.17,80,0,13.82,clear sky
409,Alta Floresta,BR,-9.8756,-56.0861,78.8,94,0,3.44,clear sky
410,Aykhal,RU,66.0,111.5,-22.76,83,100,10.98,overcast clouds
411,Dalby,AU,-27.1833,151.2667,87.01,35,8,5.99,clear sky
412,Kaeo,NZ,-35.1,173.7833,73.35,53,1,7.38,clear sky
413,Chihuahua,MX,28.5,-106.0,63.0,31,75,2.3,broken clouds
414,Tafalla,ES,42.5269,-1.6745,51.8,76,0,8.05,clear sky
415,Road Town,VG,18.4167,-64.6167,80.6,65,20,5.75,few clouds
416,Santa Maria,BR,-29.6842,-53.8069,75.2,100,20,2.3,few clouds
417,Mount Gambier,AU,-37.8333,140.7667,69.8,52,0,12.66,clear sky
418,Ouidah,BJ,6.3631,2.0851,84.2,84,40,12.66,scattered clouds
419,Sur,OM,22.5667,59.5289,64.74,71,51,2.35,broken clouds
420,Nosy Varika,MG,-20.5833,48.5333,75.69,81,0,4.41,clear sky
421,Monmouth,US,40.3001,-74.1663,33.01,93,90,12.66,light snow
422,Mazabuka,ZM,-15.856,27.748,64.89,97,99,4.29,overcast clouds
423,Coquimbo,CL,-29.9533,-71.3436,60.8,77,0,5.75,clear sky
424,Cangzhou,CN,38.3167,116.8667,33.93,75,17,7.09,few clouds
425,Chinhoyi,ZW,-17.3667,30.2,64.24,95,69,5.44,broken clouds
426,San Rafael,AR,-34.6177,-68.3301,67.17,42,16,4.43,few clouds
427,Gat,IL,31.61,34.7642,61.0,56,39,5.01,scattered clouds
428,Soyo,AO,-6.1349,12.3689,79.23,82,100,7.92,overcast clouds
429,Stulovo,RU,58.7225,50.1439,15.85,96,93,7.11,overcast clouds
430,Kanker,IN,20.2719,81.4931,59.56,32,0,3.44,clear sky
431,Namtsy,RU,62.7161,129.6658,-36.4,61,100,4.47,light snow
432,Lorengau,PG,-2.0226,147.2712,83.43,77,100,11.36,overcast clouds
433,Ikwiriri,TZ,-7.9562,38.9716,70.57,95,12,2.44,few clouds
434,Panjab,AF,34.388,67.0233,7.34,81,10,5.5,clear sky
435,Komsomolets,KZ,53.7453,62.0708,34.83,97,100,11.99,light rain
436,Laguna,US,38.421,-121.4238,57.99,82,40,10.36,scattered clouds
437,Poronaysk,RU,49.2167,143.1167,-13.5,81,13,4.38,few clouds
438,Bitung,ID,1.4451,125.1824,84.2,70,40,3.44,scattered clouds
439,Cam Ranh,VN,11.9214,109.1591,77.0,69,40,12.66,scattered clouds
440,Labuhan,ID,-6.8844,112.2051,82.02,79,4,11.52,clear sky
441,Santona,ES,43.4439,-3.4576,63.0,55,0,20.71,clear sky
442,Noumea,NC,-22.2763,166.4572,77.0,99,93,33.4,heavy intensity rain
443,Moose Factory,CA,51.2585,-80.6094,1.4,85,90,2.3,overcast clouds
444,Novyy Urengoy,RU,66.0833,76.6333,4.03,94,75,5.48,broken clouds
445,Zhicheng,CN,30.2956,111.5047,53.01,97,3,3.31,clear sky
446,Coolum Beach,AU,-26.5333,153.1,79.0,81,6,5.01,clear sky
447,Owando,CG,-0.4819,15.8999,72.86,92,0,1.74,clear sky
448,Bhadrachalam,IN,17.6667,80.8833,63.39,80,3,2.53,clear sky
449,Progreso,MX,21.2833,-89.6667,66.2,59,1,4.61,clear sky
450,Ambon,ID,-3.6954,128.1814,86.0,70,40,12.66,scattered clouds
451,Sompeta,IN,18.9333,84.6,68.36,46,0,4.36,clear sky
452,Troitsko-Pechorsk,RU,62.7084,56.1964,16.32,96,100,7.31,overcast clouds
453,Tirat Karmel,IL,32.7617,34.9719,70.0,38,93,10.0,overcast clouds
454,Bowen,AU,-20.0167,148.2333,87.8,55,98,9.22,light rain
455,Bavly,RU,54.393,53.2602,13.95,96,100,4.65,overcast clouds
456,Diffa,NE,13.3154,12.6113,67.98,18,0,10.2,clear sky
457,Puerto Carreno,CO,6.189,-67.4859,82.44,54,98,8.34,overcast clouds
458,Yeppoon,AU,-23.1333,150.7333,82.4,57,40,10.36,scattered clouds
459,Krasnoselkup,RU,65.7,82.4667,3.07,94,86,7.4,overcast clouds
460,Vinh Long,VN,10.25,105.9667,77.0,88,20,2.3,few clouds
461,Corn Island,NI,12.1694,-83.0418,78.8,75,29,33.42,scattered clouds
462,Sakaiminato,JP,35.55,133.2333,41.0,48,75,20.71,broken clouds
463,Fukue,JP,32.6881,128.8419,42.8,56,75,9.22,broken clouds
464,Pisco,PE,-13.7,-76.2167,73.4,68,0,9.22,clear sky
465,Hidrolandia,BR,-4.4081,-40.4378,74.16,70,0,3.87,clear sky
466,Matadi,CD,-5.8167,13.45,77.81,85,100,2.35,overcast clouds
467,Price,US,39.5994,-110.8107,39.2,52,90,0.56,overcast clouds
468,Mahina,PF,-17.5065,-149.489,82.4,89,20,12.66,light rain
469,Segovia,ES,41.1667,-4.0,44.01,92,4,8.86,clear sky
470,Namibe,AO,-15.1961,12.1522,72.55,72,90,5.82,overcast clouds
471,Vila Velha,BR,-20.3297,-40.2925,78.8,78,20,6.91,few clouds
472,Kokopo,PG,-4.352,152.2633,80.04,81,100,8.3,light rain
473,Orje,NO,59.4802,11.6602,23.0,90,92,3.0,overcast clouds
474,Gizo,SB,-8.103,156.8419,83.59,77,100,12.86,light rain
475,Chizhou,CN,30.6578,117.4831,52.54,59,0,2.86,clear sky
476,Muros,ES,42.7762,-9.0603,57.0,80,25,10.0,scattered clouds
477,Mahuta,TZ,-10.8667,39.45,67.3,100,18,1.39,few clouds
478,Sorland,NO,67.667,12.6934,30.94,86,96,13.27,overcast clouds
479,Porto Santo,PT,33.072,-16.3415,62.6,77,75,4.61,broken clouds
480,Aitape,PG,-3.1374,142.3475,81.52,80,100,5.73,moderate rain
481,Bichura,RU,50.5881,107.6022,-0.83,87,87,3.74,snow
482,Platteville,US,42.7342,-90.4785,21.2,100,1,3.83,clear sky
483,Saint-Joseph,RE,-21.3667,55.6167,78.8,69,40,6.91,scattered clouds
484,Opuwo,NA,-18.0607,13.84,66.88,45,30,3.42,scattered clouds
485,Itarema,BR,-2.9248,-39.9167,77.76,80,73,11.36,broken clouds
486,Millinocket,US,45.6573,-68.7098,28.4,93,90,18.41,snow
487,San Juan,AR,-31.5375,-68.5364,68.67,39,3,9.06,clear sky
488,Matagami,CA,49.7502,-77.6328,15.8,92,90,8.05,overcast clouds
489,Tecoanapa,MX,16.5167,-98.75,76.93,79,0,3.0,clear sky
490,Campana,AR,-34.1687,-58.9591,72.0,87,42,3.8,scattered clouds
491,Antofagasta,CL,-23.65,-70.4,64.4,82,20,11.5,few clouds
492,Normandin,CA,48.8333,-72.5321,26.6,50,100,9.22,overcast clouds
493,Lanzhou,CN,36.0564,103.7922,28.0,49,96,0.45,overcast clouds
494,Corinto,GR,37.9407,22.9573,50.0,68,60,1.28,broken clouds
495,Christchurch,NZ,-43.5333,172.6333,72.0,56,13,4.61,few clouds
496,Bayugan,PH,8.7561,125.7675,85.44,64,12,1.48,few clouds
497,Arroio Grande,BR,-32.2375,-53.0869,73.15,92,75,8.88,moderate rain
498,Awjilah,LY,29.1081,21.2869,55.9,49,86,4.07,overcast clouds
499,Llandrindod Wells,GB,52.2416,-3.3787,46.0,97,100,16.51,overcast clouds
500,Finschhafen,PG,-6.6024,147.8681,86.88,67,100,10.56,overcast clouds
501,Goffstown,US,43.0204,-71.6003,33.8,75,90,12.66,overcast clouds
502,Zabaykalsk,RU,49.6333,117.3167,-20.63,82,0,13.2,clear sky
503,Lyuban,BY,52.7985,28.0048,27.61,98,100,8.86,overcast clouds
504,Olive Branch,US,34.9618,-89.8295,35.6,69,1,3.44,clear sky
505,Zetaquira,CO,5.2822,-73.169,63.03,75,100,0.58,overcast clouds
506,Hokitika,NZ,-42.7167,170.9667,66.18,70,18,12.46,few clouds
507,Warner Robins,US,32.621,-83.5999,43.0,45,1,10.36,clear sky
508,Inta,RU,66.0317,60.1659,10.99,95,100,13.02,overcast clouds
509,Kasane,BW,-17.8167,25.15,67.68,95,100,3.71,overcast clouds
510,Tehachapi,US,35.1322,-118.449,54.0,61,25,3.0,scattered clouds
511,Segou,ML,13.4317,-6.2157,66.65,19,0,8.05,clear sky
512,Ayorou,NE,14.7308,0.9174,68.86,18,0,6.87,clear sky
513,Ust-Maya,RU,60.4167,134.5333,-37.61,78,100,3.0,overcast clouds
514,Udachnyy,RU,66.4167,112.4,-25.73,83,100,21.59,light snow
515,Sioux Lookout,CA,50.1001,-91.917,23.0,86,90,10.36,overcast clouds
516,Lazaro Cardenas,MX,17.9583,-102.2,76.95,79,0,6.26,clear sky
517,Thinadhoo,MV,0.5333,72.9333,82.71,68,71,4.36,broken clouds
518,Jumla,NP,29.2747,82.1838,34.43,60,0,3.96,clear sky
519,Chapada Dos Guimaraes,BR,-15.4606,-55.7497,78.8,78,40,4.61,scattered clouds
520,Gabu,GW,12.2833,-14.2167,66.94,90,0,2.89,clear sky
521,Santa Engracia,ES,41.9406,-1.3245,59.0,71,11,10.36,few clouds
522,Sistranda,NO,63.7256,8.834,17.6,79,40,13.8,scattered clouds
523,Lubango,AO,-14.9172,13.4925,62.33,81,97,1.74,overcast clouds
524,Hobyo,SO,5.3505,48.5268,73.9,77,96,15.03,overcast clouds
525,Vaasa,FI,63.096,21.6158,-2.2,84,0,5.75,clear sky
526,El Alto,PE,-4.2714,-81.2147,71.62,85,9,13.98,clear sky
527,Grado,ES,43.388,-6.0743,55.4,82,20,5.75,few clouds
528,East Wenatchee,US,47.4157,-120.2931,42.8,49,1,10.36,clear sky
529,Shimoda,JP,34.6667,138.95,48.2,57,20,9.22,few clouds
530,Uzunovo,RU,54.5386,38.6173,9.52,94,100,7.0,overcast clouds
531,Asfi,MA,32.2994,-9.2372,59.83,82,100,5.19,overcast clouds
532,San Policarpo,PH,12.1791,125.5072,81.32,80,99,15.52,overcast clouds
533,Porto Empedocle,IT,37.2934,13.5264,45.0,92,0,4.23,clear sky
534,Beloha,MG,-25.1667,45.05,77.11,86,7,12.26,clear sky
535,Aswan,EG,24.0934,32.907,61.75,38,0,4.25,clear sky
536,Umm Kaddadah,SD,13.6017,26.6876,74.05,20,0,8.55,clear sky
537,Tanout,NE,14.9709,8.8879,64.13,22,0,12.41,clear sky
538,Orzu,TJ,37.5593,68.8184,39.2,93,40,4.47,scattered clouds
539,Kabo,CF,7.6994,18.629,73.53,26,31,3.65,scattered clouds
540,Davlekanovo,RU,54.2215,55.0343,21.2,93,90,8.95,light snow
541,Pudozh,RU,61.8099,36.5345,6.39,95,96,3.67,overcast clouds
542,Quang Ngai,VN,15.1167,108.8,73.63,81,15,7.45,few clouds
543,Muisne,EC,0.6,-80.0333,77.79,84,48,4.14,light rain
544,Ouallam,NE,14.3188,2.0866,70.0,17,0,10.6,clear sky
545,Torbay,CA,47.6666,-52.7314,28.99,80,90,12.66,overcast clouds
546,Sibolga,ID,1.7427,98.7792,80.94,72,100,1.68,overcast clouds
547,Nara,JP,34.6851,135.8049,42.8,49,20,16.11,few clouds
548,Bulgan,MN,48.8125,103.5347,2.17,81,2,3.74,clear sky
549,Escanaba,US,45.7453,-87.0646,24.8,68,1,5.75,clear sky
550,Lac Du Bonnet,CA,50.2536,-96.0612,25.0,100,73,3.0,broken clouds
551,Callaway,US,30.153,-85.5699,48.99,49,0,3.0,clear sky
552,Luau,AO,-10.7073,22.2247,65.19,97,100,2.13,light rain
553,Kharabali,RU,47.4196,47.2568,35.01,99,1,7.49,clear sky
554,Lavrentiya,RU,65.5833,-171.0,5.43,86,100,24.38,overcast clouds
555,Hanzhong,CN,33.0728,107.0303,50.11,52,97,1.7,overcast clouds
556,Gumla,IN,23.05,84.55,54.88,40,0,2.46,clear sky
557,Taksimo,RU,56.3444,114.8794,-18.6,76,98,3.27,overcast clouds
558,Port Hardy,CA,50.6996,-127.4199,44.6,81,75,6.91,broken clouds
559,Burnie,AU,-41.0667,145.9167,69.01,47,83,5.19,broken clouds
560,Valdosta,US,30.8327,-83.2785,44.6,56,1,3.44,clear sky
561,Verkhoyansk,RU,67.5447,133.385,-42.34,77,88,3.49,overcast clouds
562,Porto Novo,BJ,6.4965,2.6036,84.2,84,40,12.66,scattered clouds
563,Santa Ines,BR,-3.6667,-45.38,74.28,95,65,2.35,broken clouds
564,Williams Lake,CA,52.1415,-122.1445,32.0,100,90,4.61,overcast clouds
565,Zhigansk,RU,66.7697,123.3711,-33.81,83,100,17.27,overcast clouds
566,Dzhebariki-Khaya,RU,62.2167,135.8,-42.97,76,100,2.33,overcast clouds
567,Clarence Town,AU,-32.5833,151.7833,75.99,64,75,11.5,broken clouds
568,Wau,SS,7.7029,27.9953,74.62,32,0,1.9,clear sky
569,Andra,RU,62.5147,65.8878,2.21,93,6,5.06,clear sky
570,Sozimskiy,RU,59.7418,52.2482,14.32,96,100,8.66,overcast clouds
571,Nha Trang,VN,12.25,109.1833,77.0,69,40,12.66,scattered clouds
572,Xining,CN,36.6167,101.7667,22.06,59,0,3.09,clear sky
573,Akyab,MM,20.15,92.9,62.37,42,0,6.11,clear sky
574,Cotonou,BJ,6.3654,2.4183,84.2,84,40,12.66,scattered clouds
575,Fort Nelson,CA,58.8053,-122.7002,-7.6,71,90,6.91,light snow
576,Bilma,NE,18.6853,12.9164,60.53,31,0,11.48,clear sky
577,Scandiano,IT,44.5965,10.6907,39.0,97,0,1.36,clear sky
578,Tinglev,DK,54.931,9.2524,32.0,80,99,6.91,light snow
579,Hvide Sande,DK,56.0045,8.1294,30.0,84,100,18.07,overcast clouds
580,Porto Murtinho,BR,-21.6989,-57.8825,82.4,64,79,4.61,broken clouds
581,Algiers,DZ,36.7525,3.042,58.03,56,10,2.3,clear sky
582,Marevo,RU,57.3146,32.0804,22.68,93,100,13.53,snow
583,Enshi,CN,30.3,109.4833,51.3,63,0,0.78,clear sky
584,Nelson Bay,AU,-32.7167,152.15,73.0,64,75,11.5,broken clouds
585,Rawlins,US,41.7911,-107.2387,39.2,60,1,6.91,clear sky
586,Belyy Yar,RU,53.6039,91.3903,-4.0,77,100,2.24,mist
587,Ayan,RU,56.45,138.1667,-24.95,69,100,14.58,overcast clouds
588,Marinette,US,45.1,-87.6307,28.4,46,1,5.75,clear sky
589,Sahuaripa,MX,29.05,-109.2333,68.92,33,92,0.98,overcast clouds
590,Carlagan,PH,14.975,122.0456,78.75,77,30,19.01,scattered clouds
591,Murud,IN,18.3258,72.965,72.1,39,0,4.52,clear sky
592,Williston,US,48.147,-103.618,36.0,74,56,7.11,broken clouds
593,Bafq,IR,31.6128,55.4107,44.64,50,0,0.49,clear sky
594,Tra Vinh,VN,9.9347,106.3453,79.93,61,67,6.31,broken clouds
595,Mobara,JP,35.4167,140.3,48.2,42,20,10.36,few clouds
596,Emba,KZ,48.8264,58.1442,28.22,96,100,10.63,overcast clouds
597,Wesselsbron,ZA,-27.8549,26.3658,59.0,94,100,8.9,light rain
598,Ust-Nera,RU,64.5667,143.2,-27.22,75,58,4.47,broken clouds
599,Crewe,GB,53.0979,-2.4416,46.99,90,100,5.01,overcast clouds
600,Chardara,KZ,41.2547,67.9692,40.23,76,0,8.81,clear sky
601,Gualeguaychu,AR,-33.0094,-58.5172,70.0,96,100,1.99,overcast clouds
602,Mantua,IT,45.1667,10.7833,39.99,97,5,3.0,clear sky
603,Gao,ML,16.6362,1.637,67.24,19,0,7.76,clear sky
604,Yerbogachen,RU,61.2767,108.0108,-35.25,82,4,4.43,clear sky
605,La Ronge,CA,55.1001,-105.2842,17.6,86,100,9.22,light snow
606,Lagos,NG,6.5833,3.75,78.06,87,0,2.3,clear sky
607,Koulikoro,ML,14.0,-7.75,67.14,18,0,9.19,clear sky
608,Sanghar,PK,26.0466,68.9481,51.8,87,0,3.0,fog
609,Marechal Candido Rondon,BR,-24.5561,-54.0567,74.79,88,100,4.79,light rain
610,Petrolina,BR,-9.3986,-40.5008,86.0,45,0,4.61,clear sky
611,Den Helder,NL,52.9599,4.7593,45.0,100,75,9.22,broken clouds
612,Yarovoye,RU,52.9273,78.58,15.08,95,100,15.48,overcast clouds
613,Dwarka,IN,22.2394,68.9678,68.0,76,0,7.23,clear sky
614,Calama,CL,-22.4667,-68.9333,64.4,20,0,18.41,clear sky
615,Najran,SA,17.4924,44.1277,51.8,50,0,1.83,clear sky
616,Nago,JP,26.5881,127.9761,62.6,59,20,11.5,few clouds
617,Meadow Lake,US,34.8014,-106.5436,60.8,33,75,4.61,broken clouds
618,Chifeng,CN,42.2683,118.9636,4.37,82,100,4.79,overcast clouds
619,Mountain Home,US,43.133,-115.6912,50.0,62,90,8.05,moderate rain
620,Waingapu,ID,-9.6567,120.2641,81.48,77,92,15.82,overcast clouds
621,Traverse City,US,44.7631,-85.6206,28.4,64,20,13.8,few clouds
622,Placido De Castro,BR,-10.3353,-67.1856,76.75,82,70,0.72,broken clouds
623,Passo De Camaragibe,BR,-9.2368,-35.4901,75.2,88,20,3.44,few clouds
624,Namatanai,PG,-3.6667,152.4333,81.07,77,95,7.36,overcast clouds
625,Broken Hill,AU,-31.95,141.4333,75.2,29,0,6.91,clear sky
626,Anloga,GH,5.7947,0.8973,84.2,79,40,5.75,scattered clouds
627,Luangwa,ZM,-15.6167,30.4167,70.77,92,3,1.3,clear sky
628,Sangolqui,EC,-0.3341,-78.4522,59.0,88,40,8.05,light rain
629,Tuatapere,NZ,-46.1333,167.6833,60.42,81,93,11.59,overcast clouds
630,Chunskiy,RU,56.0815,99.6342,-0.06,91,100,3.13,overcast clouds
631,Mana,GF,5.6592,-53.7767,77.43,88,88,11.9,overcast clouds
632,Morant Bay,JM,17.8815,-76.4093,75.2,78,75,20.71,broken clouds
633,Colombo,LK,6.9319,79.8478,77.0,83,20,12.66,few clouds
634,Prince Rupert,CA,54.3161,-130.3201,44.6,65,90,2.3,overcast clouds
635,Concordia,AR,-31.393,-58.0209,68.0,100,99,7.0,overcast clouds
636,Faya,SA,18.3851,42.4509,55.4,44,0,2.75,clear sky
637,Eyl,SO,7.9803,49.8164,68.63,74,55,14.58,broken clouds
638,Madhipura,IN,25.9167,86.7833,54.82,57,1,4.83,clear sky
639,Bilibino,RU,68.0546,166.4372,1.63,86,60,4.81,broken clouds
640,Doha,QA,25.2867,51.5333,62.6,77,0,9.22,clear sky
641,Yaan,NG,7.3833,8.5667,76.48,56,0,5.17,clear sky
642,Port Said,EG,31.2565,32.2841,59.0,94,0,8.39,clear sky
643,Manono,CD,-7.3,27.4167,67.75,94,100,2.17,overcast clouds
644,Aquiraz,BR,-3.9014,-38.3911,80.6,78,0,10.36,clear sky
645,Carndonagh,IE,55.25,-7.2667,42.44,91,100,20.89,overcast clouds
646,Axim,GH,4.8699,-2.2405,78.55,88,0,6.02,clear sky
647,Tornio,FI,65.8481,24.1466,-0.4,78,90,3.44,light snow
648,Mechetinskaya,RU,46.7713,40.456,43.29,93,10,5.46,clear sky
649,Ongandjera,NA,-17.8833,15.0667,71.51,51,86,5.79,overcast clouds
650,Katsuura,JP,35.1333,140.3,50.0,42,20,8.05,few clouds
651,Centerville,US,39.6284,-84.1594,28.0,80,1,5.75,clear sky
652,Denpasar,ID,-8.65,115.2167,82.4,83,40,10.36,scattered clouds
653,Paidha,UG,2.4167,30.9855,66.65,36,33,5.19,scattered clouds
654,Ukiah,US,39.1502,-123.2078,53.6,54,40,4.09,scattered clouds
655,Pasighat,IN,28.0667,95.3333,63.79,40,0,1.72,clear sky
656,Sechura,PE,-5.5569,-80.8222,74.82,71,0,15.1,clear sky
657,Port Hawkesbury,CA,45.6169,-61.3485,39.2,93,90,26.46,moderate rain
658,Omboue,GA,-1.5746,9.2618,77.99,88,49,4.32,scattered clouds
659,Drymen,GB,56.0655,-4.452,37.99,93,90,23.02,moderate rain
660,Champerico,GT,14.3,-91.9167,82.4,69,40,9.22,scattered clouds
661,Bayangol,RU,50.6977,103.4656,-5.55,86,85,3.18,light snow
662,Pesochnoye,RU,58.006,39.1772,14.79,96,100,4.94,overcast clouds
663,Balaipungut,ID,1.05,101.2833,78.8,83,20,4.61,few clouds
664,Solnechnyy,RU,50.7214,136.6319,-21.98,80,100,4.21,overcast clouds
665,Pinega,RU,64.7001,43.3936,12.22,95,100,9.4,overcast clouds
666,Shubarkuduk,KZ,49.1447,56.4872,30.45,96,100,11.83,overcast clouds
667,Altay,CN,47.8667,88.1167,14.29,81,92,1.41,overcast clouds
668,Baie-Comeau,CA,49.2168,-68.1489,26.6,86,90,25.32,snow
669,The Valley,AI,18.217,-63.0578,78.8,73,20,6.91,few clouds
670,Laela,TZ,-8.5667,32.05,58.62,94,1,1.77,clear sky
671,Oprisor,RO,44.2833,23.0833,41.0,96,30,1.32,scattered clouds
672,San Matias,BO,-16.3667,-58.4,80.65,70,100,3.91,overcast clouds
673,Honiara,SB,-9.4333,159.95,79.02,85,100,11.61,light rain
674,Gostyn,PL,51.8825,17.0123,37.99,98,100,7.49,overcast clouds
675,Tual,ID,-5.6667,132.75,81.9,80,100,21.32,moderate rain
676,Lukavica,BA,44.7628,18.1689,34.0,100,75,2.3,fog
677,Yerofey Pavlovich,RU,53.9667,121.9667,-20.78,79,100,3.22,overcast clouds
678,Agucadoura,PT,41.4318,-8.7804,57.2,94,75,14.97,broken clouds
679,Luwuk,ID,-0.9516,122.7875,81.36,74,100,2.13,overcast clouds
680,Sendenhorst,DE,51.8333,7.8333,48.0,98,92,13.38,light rain
681,Darhan,MN,49.4867,105.9228,-2.27,86,1,6.89,clear sky
682,Killybegs,IE,54.6333,-8.45,41.0,96,100,10.38,overcast clouds
683,Dejen,ET,10.1667,38.1333,49.57,45,22,4.05,few clouds
684,Kondinskoye,RU,59.6481,67.41,4.03,95,7,7.09,clear sky
685,Kamenskiy,RU,50.8855,45.488,34.65,97,100,2.08,overcast clouds
686,Krasnokholmskiy,RU,55.9873,55.0466,9.32,95,100,3.4,overcast clouds
687,Basco,PH,20.4487,121.9702,71.8,79,99,30.62,overcast clouds
688,Hay River,CA,60.8156,-115.7999,-13.0,70,100,9.22,overcast clouds
689,Trincomalee,LK,8.5711,81.2335,78.73,75,97,16.69,overcast clouds
690,Nanae,JP,41.8833,140.6833,15.8,86,90,18.41,snow
691,Abha,SA,18.2164,42.5053,55.4,44,0,1.74,clear sky
692,Vanavara,RU,60.34,102.2797,-13.49,89,100,5.35,light snow
693,Laranjeiras Do Sul,BR,-25.4078,-52.4161,66.34,97,100,2.46,overcast clouds
694,Beyneu,KZ,45.3167,55.2,38.28,71,94,13.29,overcast clouds
695,Chittaurgarh,IN,24.8833,74.6333,56.68,34,0,0.76,clear sky
696,Sembe,CG,1.6481,14.5806,71.76,88,94,1.97,overcast clouds
697,Portland,US,45.5234,-122.6762,44.01,87,100,3.0,overcast clouds
